{"FEA":
	{
		"nodes":[[12,0],[12,6],[0,0],[0,10]],
		"element_params":{
			"node_connections":[[0,1],[2,0],[2,1],[3,1],[3,2]],
			"E":[29500000,29500000,29500000,29500000,29500000],
			"D":[1.12838,1.12838,1.12838,1.12838,1.12838]
		},
		"initial_conds":{
			"displacement": [[1,1],[1,1],[0,1],[0,0]],
			"force": [[20000,-90],[0,0],[0,0],[0,0]]
		}
	}
}