{"FEA":
	{
	"nodes":[[12,0],[12,6],[0,0],[0,10]],
	"element_params":{
		"node_connections":[[0,1],[2,0],[2,1],[3,1],[3,2]],
		"E":[30000000,11000000,30000000,11000000,30000000],
		"A":[0.1963495,0.1256637,0.1963495,0.1256637,0.1963495]},
	"initial_conds":{"displacement": [[1,1],[1,1],[0,1],[0,0]],"force": [[-1000,-1732],[0,0],[0,0],[0,0]]}
	}
}